<?xml version="1.0" encoding="UTF-8"?>
<project-private xmlns="http://www.netbeans.org/ns/project-private/1">
    <editor-bookmarks xmlns="http://www.netbeans.org/ns/editor-bookmarks/2" lastBookmarkId="0"/>
    <open-files xmlns="http://www.netbeans.org/ns/projectui-open-files/2">
        <group>
            <file>file:/C:/Users/kavya.s/Documents/NetBeansProjects/Billing_Management_System/src/Home.java</file>
            <file>file:/C:/Users/kavya.s/Documents/NetBeansProjects/Billing_Management_System/src/Deleteproduct.java</file>
            <file>file:/C:/Users/kavya.s/Documents/NetBeansProjects/Billing_Management_System/src/Project/ConnectionProvider.java</file>
            <file>file:/C:/Users/kavya.s/Documents/NetBeansProjects/Billing_Management_System/src/Updateproduct.java</file>
            <file>file:/C:/Users/kavya.s/Documents/NetBeansProjects/Billing_Management_System/src/Buyerdetails.java</file>
            <file>file:/C:/Users/kavya.s/Documents/NetBeansProjects/Billing_Management_System/src/Newbuyer.java</file>
            <file>file:/C:/Users/kavya.s/Documents/NetBeansProjects/Billing_Management_System/src/billing_management_system/Billing_Management_System.java</file>
            <file>file:/C:/Users/kavya.s/Documents/NetBeansProjects/Billing_Management_System/src/Newproduct.java</file>
            <file>file:/C:/Users/kavya.s/Documents/NetBeansProjects/Billing_Management_System/src/Productdetails.java</file>
            <file>file:/C:/Users/kavya.s/Documents/NetBeansProjects/Billing_Management_System/src/Billing.java</file>
            <file>file:/C:/Users/kavya.s/Documents/NetBeansProjects/Billing_Management_System/src/Deletebuyer.java</file>
            <file>file:/C:/Users/kavya.s/Documents/NetBeansProjects/Billing_Management_System/src/Login.java</file>
        </group>
    </open-files>
</project-private>
